{"minified":"composer/2.0","packages":{"dflydev/dot-access-data":[{"name":"dflydev/dot-access-data","description":"Given a deep data structure, access data by dot notation.","keywords":["data","access","dot","notation"],"homepage":"https://github.com/dflydev/dflydev-dot-access-data","version":"v3.0.3","version_normalized":"3.0.3.0","license":["MIT"],"authors":[{"name":"Dragonfly Development Inc.","email":"info@dflydev.com","homepage":"http://dflydev.com"},{"name":"Beau Simensen","email":"beau@dflydev.com","homepage":"http://beausimensen.com"},{"name":"Carlos Frutos","email":"carlos@kiwing.it","homepage":"https://github.com/cfrutos"},{"name":"Colin O'Dell","email":"colinodell@gmail.com","homepage":"https://www.colinodell.com"}],"source":{"url":"https://github.com/dflydev/dflydev-dot-access-data.git","type":"git","reference":"a23a2bf4f31d3518f3ecb38660c95715dfead60f"},"dist":{"url":"https://api.github.com/repos/dflydev/dflydev-dot-access-data/zipball/a23a2bf4f31d3518f3ecb38660c95715dfead60f","type":"zip","shasum":"","reference":"a23a2bf4f31d3518f3ecb38660c95715dfead60f"},"type":"library","support":{"issues":"https://github.com/dflydev/dflydev-dot-access-data/issues","source":"https://github.com/dflydev/dflydev-dot-access-data/tree/v3.0.3"},"funding":[],"time":"2024-07-08T12:26:09+00:00","autoload":{"psr-4":{"Dflydev\\DotAccessData\\":"src/"}},"extra":{"branch-alias":{"dev-main":"3.x-dev"}},"require":{"php":"^7.1 || ^8.0"},"require-dev":{"phpstan/phpstan":"^0.12.42","phpunit/phpunit":"^7.5 || ^8.5 || ^9.3","scrutinizer/ocular":"1.6.0","squizlabs/php_codesniffer":"^3.5","vimeo/psalm":"^4.0.0"}},{"version":"v3.0.2","version_normalized":"3.0.2.0","source":{"url":"https://github.com/dflydev/dflydev-dot-access-data.git","type":"git","reference":"f41715465d65213d644d3141a6a93081be5d3549"},"dist":{"url":"https://api.github.com/repos/dflydev/dflydev-dot-access-data/zipball/f41715465d65213d644d3141a6a93081be5d3549","type":"zip","shasum":"","reference":"f41715465d65213d644d3141a6a93081be5d3549"},"support":{"issues":"https://github.com/dflydev/dflydev-dot-access-data/issues","source":"https://github.com/dflydev/dflydev-dot-access-data/tree/v3.0.2"},"time":"2022-10-27T11:44:00+00:00"},{"version":"v3.0.1","version_normalized":"3.0.1.0","source":{"url":"https://github.com/dflydev/dflydev-dot-access-data.git","type":"git","reference":"0992cc19268b259a39e86f296da5f0677841f42c"},"dist":{"url":"https://api.github.com/repos/dflydev/dflydev-dot-access-data/zipball/0992cc19268b259a39e86f296da5f0677841f42c","type":"zip","shasum":"","reference":"0992cc19268b259a39e86f296da5f0677841f42c"},"support":{"issues":"https://github.com/dflydev/dflydev-dot-access-data/issues","source":"https://github.com/dflydev/dflydev-dot-access-data/tree/v3.0.1"},"time":"2021-08-13T13:06:58+00:00","require-dev":{"phpstan/phpstan":"^0.12.42","phpunit/phpunit":"^7.5 || ^8.5 || ^9.3","scrutinizer/ocular":"1.6.0","squizlabs/php_codesniffer":"^3.5","vimeo/psalm":"^3.14"}},{"version":"v3.0.0","version_normalized":"3.0.0.0","source":{"url":"https://github.com/dflydev/dflydev-dot-access-data.git","type":"git","reference":"e04ff030d24a33edc2421bef305e32919dd78fc3"},"dist":{"url":"https://api.github.com/repos/dflydev/dflydev-dot-access-data/zipball/e04ff030d24a33edc2421bef305e32919dd78fc3","type":"zip","shasum":"","reference":"e04ff030d24a33edc2421bef305e32919dd78fc3"},"support":{"issues":"https://github.com/dflydev/dflydev-dot-access-data/issues","source":"https://github.com/dflydev/dflydev-dot-access-data/tree/v3.0.0"},"time":"2021-01-01T22:08:42+00:00"},{"version":"v2.0.0","version_normalized":"2.0.0.0","authors":[{"name":"Dragonfly Development Inc.","email":"info@dflydev.com","homepage":"http://dflydev.com"},{"name":"Beau Simensen","email":"beau@dflydev.com","homepage":"http://beausimensen.com"},{"name":"Carlos Frutos","email":"carlos@kiwing.it","homepage":"https://github.com/cfrutos"}],"source":{"url":"https://github.com/dflydev/dflydev-dot-access-data.git","type":"git","reference":"70a44e8a46c7943118cbbf741ef3411d84e38c81"},"dist":{"url":"https://api.github.com/repos/dflydev/dflydev-dot-access-data/zipball/70a44e8a46c7943118cbbf741ef3411d84e38c81","type":"zip","shasum":"","reference":"70a44e8a46c7943118cbbf741ef3411d84e38c81"},"support":{"issues":"https://github.com/dflydev/dflydev-dot-access-data/issues","source":"https://github.com/dflydev/dflydev-dot-access-data/tree/master"},"time":"2017-12-21T14:08:21+00:00","extra":{"branch-alias":{"dev-master":"2.0-dev"}},"require":{"php":"^7.0"},"require-dev":{"phpunit/phpunit":"^6.0"},"funding":"__unset"},{"version":"v1.1.0","version_normalized":"1.1.0.0","source":{"url":"https://github.com/dflydev/dflydev-dot-access-data.git","type":"git","reference":"3fbd874921ab2c041e899d044585a2ab9795df8a"},"dist":{"url":"https://api.github.com/repos/dflydev/dflydev-dot-access-data/zipball/3fbd874921ab2c041e899d044585a2ab9795df8a","type":"zip","shasum":"","reference":"3fbd874921ab2c041e899d044585a2ab9795df8a"},"time":"2017-01-20T21:14:22+00:00","autoload":{"psr-0":{"Dflydev\\DotAccessData":"src"}},"extra":{"branch-alias":{"dev-master":"1.0-dev"}},"require":{"php":">=5.3.2"},"require-dev":"__unset"},{"version":"v1.0.1","version_normalized":"1.0.1.0","authors":[{"name":"Dragonfly Development Inc.","email":"info@dflydev.com","homepage":"http://dflydev.com"},{"name":"Beau Simensen","email":"beau@dflydev.com","homepage":"http://beausimensen.com"}],"source":{"url":"https://github.com/dflydev/dflydev-dot-access-data.git","type":"git","reference":"7a0960d088119818ce7687d200c363b01d183cbe"},"dist":{"url":"https://api.github.com/repos/dflydev/dflydev-dot-access-data/zipball/7a0960d088119818ce7687d200c363b01d183cbe","type":"zip","shasum":"","reference":"7a0960d088119818ce7687d200c363b01d183cbe"},"time":"2015-08-13T03:51:18+00:00"},{"version":"v1.0.0","version_normalized":"1.0.0.0","source":{"url":"https://github.com/dflydev/dflydev-dot-access-data.git","type":"git","reference":"d493ca16fe1a7e82e56810124ec0b556e6ed9113"},"dist":{"url":"https://api.github.com/repos/dflydev/dflydev-dot-access-data/zipball/d493ca16fe1a7e82e56810124ec0b556e6ed9113","type":"zip","shasum":"","reference":"d493ca16fe1a7e82e56810124ec0b556e6ed9113"},"support":{"issues":"https://github.com/dflydev/dflydev-dot-access-data/issues","source":"https://github.com/dflydev/dflydev-dot-access-data/tree/v1.0.0"},"time":"2012-07-17T20:32:32+00:00"}]},"security-advisories":[],"last-modified":"Fri, 21 Feb 2025 14:21:25 GMT"}