{"minified":"composer/2.0","packages":{"sebastian/code-unit-reverse-lookup":[{"name":"sebastian/code-unit-reverse-lookup","description":"Looks up which function or method a line of code belongs to","keywords":[],"homepage":"https://github.com/sebastianbergmann/code-unit-reverse-lookup/","version":"4.0.1","version_normalized":"4.0.1.0","license":["BSD-3-Clause"],"authors":[{"name":"Sebastian Bergmann","email":"sebastian@phpunit.de"}],"source":{"url":"https://github.com/sebastianbergmann/code-unit-reverse-lookup.git","type":"git","reference":"183a9b2632194febd219bb9246eee421dad8d45e"},"dist":{"url":"https://api.github.com/repos/sebastianbergmann/code-unit-reverse-lookup/zipball/183a9b2632194febd219bb9246eee421dad8d45e","type":"zip","shasum":"","reference":"183a9b2632194febd219bb9246eee421dad8d45e"},"type":"library","support":{"issues":"https://github.com/sebastianbergmann/code-unit-reverse-lookup/issues","security":"https://github.com/sebastianbergmann/code-unit-reverse-lookup/security/policy","source":"https://github.com/sebastianbergmann/code-unit-reverse-lookup/tree/4.0.1"},"funding":[{"url":"https://github.com/sebastianbergmann","type":"github"}],"time":"2024-07-03T04:45:54+00:00","autoload":{"classmap":["src/"]},"extra":{"branch-alias":{"dev-main":"4.0-dev"}},"require":{"php":">=8.2"},"require-dev":{"phpunit/phpunit":"^11.0"}},{"version":"4.0.0","version_normalized":"4.0.0.0","source":{"url":"https://github.com/sebastianbergmann/code-unit-reverse-lookup.git","type":"git","reference":"df80c875d3e459b45c6039e4d9b71d4fbccae25d"},"dist":{"url":"https://api.github.com/repos/sebastianbergmann/code-unit-reverse-lookup/zipball/df80c875d3e459b45c6039e4d9b71d4fbccae25d","type":"zip","shasum":"","reference":"df80c875d3e459b45c6039e4d9b71d4fbccae25d"},"support":{"issues":"https://github.com/sebastianbergmann/code-unit-reverse-lookup/issues","security":"https://github.com/sebastianbergmann/code-unit-reverse-lookup/security/policy","source":"https://github.com/sebastianbergmann/code-unit-reverse-lookup/tree/4.0.0"},"time":"2024-02-02T05:52:17+00:00"},{"version":"3.0.0","version_normalized":"3.0.0.0","source":{"url":"https://github.com/sebastianbergmann/code-unit-reverse-lookup.git","type":"git","reference":"5e3a687f7d8ae33fb362c5c0743794bbb2420a1d"},"dist":{"url":"https://api.github.com/repos/sebastianbergmann/code-unit-reverse-lookup/zipball/5e3a687f7d8ae33fb362c5c0743794bbb2420a1d","type":"zip","shasum":"","reference":"5e3a687f7d8ae33fb362c5c0743794bbb2420a1d"},"support":{"issues":"https://github.com/sebastianbergmann/code-unit-reverse-lookup/issues","source":"https://github.com/sebastianbergmann/code-unit-reverse-lookup/tree/3.0.0"},"time":"2023-02-03T06:59:15+00:00","extra":{"branch-alias":{"dev-main":"3.0-dev"}},"require":{"php":">=8.1"},"require-dev":{"phpunit/phpunit":"^10.0"}},{"version":"2.0.3","version_normalized":"2.0.3.0","source":{"url":"https://github.com/sebastianbergmann/code-unit-reverse-lookup.git","type":"git","reference":"ac91f01ccec49fb77bdc6fd1e548bc70f7faa3e5"},"dist":{"url":"https://api.github.com/repos/sebastianbergmann/code-unit-reverse-lookup/zipball/ac91f01ccec49fb77bdc6fd1e548bc70f7faa3e5","type":"zip","shasum":"","reference":"ac91f01ccec49fb77bdc6fd1e548bc70f7faa3e5"},"support":{"issues":"https://github.com/sebastianbergmann/code-unit-reverse-lookup/issues","source":"https://github.com/sebastianbergmann/code-unit-reverse-lookup/tree/2.0.3"},"time":"2020-09-28T05:30:19+00:00","extra":{"branch-alias":{"dev-master":"2.0-dev"}},"require":{"php":">=7.3"},"require-dev":{"phpunit/phpunit":"^9.3"}},{"version":"2.0.2","version_normalized":"2.0.2.0","source":{"url":"https://github.com/sebastianbergmann/code-unit-reverse-lookup.git","type":"git","reference":"ee51f9bb0c6d8a43337055db3120829fa14da819"},"dist":{"url":"https://api.github.com/repos/sebastianbergmann/code-unit-reverse-lookup/zipball/ee51f9bb0c6d8a43337055db3120829fa14da819","type":"zip","shasum":"","reference":"ee51f9bb0c6d8a43337055db3120829fa14da819"},"support":{"issues":"https://github.com/sebastianbergmann/code-unit-reverse-lookup/issues","source":"https://github.com/sebastianbergmann/code-unit-reverse-lookup/tree/master"},"time":"2020-06-26T12:04:00+00:00","require":{"php":"^7.3 || ^8.0"},"require-dev":{"phpunit/phpunit":"^9.0"}},{"version":"2.0.1","version_normalized":"2.0.1.0","source":{"url":"https://github.com/sebastianbergmann/code-unit-reverse-lookup.git","type":"git","reference":"c771130f0e8669104a4320b7101a81c2cc2963ef"},"dist":{"url":"https://api.github.com/repos/sebastianbergmann/code-unit-reverse-lookup/zipball/c771130f0e8669104a4320b7101a81c2cc2963ef","type":"zip","shasum":"","reference":"c771130f0e8669104a4320b7101a81c2cc2963ef"},"support":{"issues":"https://github.com/sebastianbergmann/code-unit-reverse-lookup/issues","source":"https://github.com/sebastianbergmann/code-unit-reverse-lookup/tree/2.0.1"},"time":"2020-06-15T12:56:39+00:00","require":{"php":"^7.3"}},{"version":"2.0.0","version_normalized":"2.0.0.0","source":{"url":"https://github.com/sebastianbergmann/code-unit-reverse-lookup.git","type":"git","reference":"5b5dbe0044085ac41df47e79d34911a15b96d82e"},"dist":{"url":"https://api.github.com/repos/sebastianbergmann/code-unit-reverse-lookup/zipball/5b5dbe0044085ac41df47e79d34911a15b96d82e","type":"zip","shasum":"","reference":"5b5dbe0044085ac41df47e79d34911a15b96d82e"},"support":{"issues":"https://github.com/sebastianbergmann/code-unit-reverse-lookup/issues","source":"https://github.com/sebastianbergmann/code-unit-reverse-lookup/tree/2.0.0"},"time":"2020-02-07T06:20:13+00:00","funding":"__unset"},{"version":"1.0.3","version_normalized":"1.0.3.0","source":{"url":"https://github.com/sebastianbergmann/code-unit-reverse-lookup.git","type":"git","reference":"92a1a52e86d34cde6caa54f1b5ffa9fda18e5d54"},"dist":{"url":"https://api.github.com/repos/sebastianbergmann/code-unit-reverse-lookup/zipball/92a1a52e86d34cde6caa54f1b5ffa9fda18e5d54","type":"zip","shasum":"","reference":"92a1a52e86d34cde6caa54f1b5ffa9fda18e5d54"},"support":{"issues":"https://github.com/sebastianbergmann/code-unit-reverse-lookup/issues","source":"https://github.com/sebastianbergmann/code-unit-reverse-lookup/tree/1.0.3"},"funding":[{"url":"https://github.com/sebastianbergmann","type":"github"}],"time":"2024-03-01T13:45:45+00:00","extra":{"branch-alias":{"dev-master":"1.0.x-dev"}},"require":{"php":">=5.6"},"require-dev":{"phpunit/phpunit":"^8.5"}},{"version":"1.0.2","version_normalized":"1.0.2.0","source":{"url":"https://github.com/sebastianbergmann/code-unit-reverse-lookup.git","type":"git","reference":"1de8cd5c010cb153fcd68b8d0f64606f523f7619"},"dist":{"url":"https://api.github.com/repos/sebastianbergmann/code-unit-reverse-lookup/zipball/1de8cd5c010cb153fcd68b8d0f64606f523f7619","type":"zip","shasum":"","reference":"1de8cd5c010cb153fcd68b8d0f64606f523f7619"},"support":{"issues":"https://github.com/sebastianbergmann/code-unit-reverse-lookup/issues","source":"https://github.com/sebastianbergmann/code-unit-reverse-lookup/tree/1.0.2"},"time":"2020-11-30T08:15:22+00:00"},{"version":"1.0.1","version_normalized":"1.0.1.0","source":{"url":"https://github.com/sebastianbergmann/code-unit-reverse-lookup.git","type":"git","reference":"4419fcdb5eabb9caa61a27c7a1db532a6b55dd18"},"dist":{"url":"https://api.github.com/repos/sebastianbergmann/code-unit-reverse-lookup/zipball/4419fcdb5eabb9caa61a27c7a1db532a6b55dd18","type":"zip","shasum":"","reference":"4419fcdb5eabb9caa61a27c7a1db532a6b55dd18"},"support":{"issues":"https://github.com/sebastianbergmann/code-unit-reverse-lookup/issues","source":"https://github.com/sebastianbergmann/code-unit-reverse-lookup/tree/master"},"time":"2017-03-04T06:30:41+00:00","require":{"php":"^5.6 || ^7.0"},"require-dev":{"phpunit/phpunit":"^5.7 || ^6.0"},"funding":"__unset"},{"version":"1.0.0","version_normalized":"1.0.0.0","source":{"url":"https://github.com/sebastianbergmann/code-unit-reverse-lookup.git","type":"git","reference":"c36f5e7cfce482fde5bf8d10d41a53591e0198fe"},"dist":{"url":"https://api.github.com/repos/sebastianbergmann/code-unit-reverse-lookup/zipball/c36f5e7cfce482fde5bf8d10d41a53591e0198fe","type":"zip","shasum":"","reference":"c36f5e7cfce482fde5bf8d10d41a53591e0198fe"},"time":"2016-02-13T06:45:14+00:00","require":{"php":">=5.6"},"require-dev":{"phpunit/phpunit":"~5"}}]},"security-advisories":[],"last-modified":"Fri, 21 Feb 2025 14:40:51 GMT"}